{
  "docs": 28080,
  "unique_brands": 322,
  "unique_categories": 4,
  "avg_price": 705.6350879692286,
  "avg_discount_frac": 0.5025689623507805,
  "avg_rating": 3.6277237693171696,
  "out_of_stock_pct": 5.854700854700854
}